"/Users/danielruizmayo/image-ml/jpges/.DS_Store",".DS_Store","apple",0
"/Users/danielruizmayo/image-ml/jpges/apple-1.jpg","apple","device1",0
"/Users/danielruizmayo/image-ml/jpges/apple-10.jpg","apple","Glas",0
"/Users/danielruizmayo/image-ml/jpges/apple-11.jpg","apple","cup",0
"/Users/danielruizmayo/image-ml/jpges/apple-12.jpg","apple","Bone",0
"/Users/danielruizmayo/image-ml/jpges/apple-13.jpg","apple","Bone",0
"/Users/danielruizmayo/image-ml/jpges/apple-14.jpg","apple","device7",0
"/Users/danielruizmayo/image-ml/jpges/apple-15.jpg","apple","chopper",0
"/Users/danielruizmayo/image-ml/jpges/apple-16.jpg","apple","bottle",0
"/Users/danielruizmayo/image-ml/jpges/apple-17.jpg","apple","Bone",0
"/Users/danielruizmayo/image-ml/jpges/apple-18.jpg","apple","brick",0
"/Users/danielruizmayo/image-ml/jpges/apple-19.jpg","apple","apple",1
"/Users/danielruizmayo/image-ml/jpges/apple-2.jpg","apple","bottle",0
"/Users/danielruizmayo/image-ml/jpges/apple-20.jpg","apple","device1",0
"/Users/danielruizmayo/image-ml/jpges/apple-3.jpg","apple","apple",1
"/Users/danielruizmayo/image-ml/jpges/apple-4.jpg","apple","apple",1
"/Users/danielruizmayo/image-ml/jpges/apple-5.jpg","apple","bell",0
"/Users/danielruizmayo/image-ml/jpges/apple-6.jpg","apple","device9",0
"/Users/danielruizmayo/image-ml/jpges/apple-7.jpg","apple","device1",0
"/Users/danielruizmayo/image-ml/jpges/apple-8.jpg","apple","Glas",0
"/Users/danielruizmayo/image-ml/jpges/apple-9.jpg","apple","bat",0
"/Users/danielruizmayo/image-ml/jpges/bat-1.jpg","bat","bat",1
"/Users/danielruizmayo/image-ml/jpges/bat-10.jpg","bat","bat",1
"/Users/danielruizmayo/image-ml/jpges/bat-11.jpg","bat","bat",1
"/Users/danielruizmayo/image-ml/jpges/bat-12.jpg","bat","bat",1
"/Users/danielruizmayo/image-ml/jpges/bat-13.jpg","bat","bat",1
"/Users/danielruizmayo/image-ml/jpges/bat-14.jpg","bat","bat",1
"/Users/danielruizmayo/image-ml/jpges/bat-15.jpg","bat","bat",1
"/Users/danielruizmayo/image-ml/jpges/bat-16.jpg","bat","bat",1
"/Users/danielruizmayo/image-ml/jpges/bat-17.jpg","bat","bat",1
"/Users/danielruizmayo/image-ml/jpges/bat-18.jpg","bat","bat",1
"/Users/danielruizmayo/image-ml/jpges/bat-19.jpg","bat","bat",1
"/Users/danielruizmayo/image-ml/jpges/bat-2.jpg","bat","bat",1
"/Users/danielruizmayo/image-ml/jpges/bat-20.jpg","bat","bat",1
"/Users/danielruizmayo/image-ml/jpges/bat-3.jpg","bat","bat",1
"/Users/danielruizmayo/image-ml/jpges/bat-4.jpg","bat","bat",1
"/Users/danielruizmayo/image-ml/jpges/bat-5.jpg","bat","bat",1
"/Users/danielruizmayo/image-ml/jpges/bat-6.jpg","bat","bat",1
"/Users/danielruizmayo/image-ml/jpges/bat-7.jpg","bat","bat",1
"/Users/danielruizmayo/image-ml/jpges/bat-8.jpg","bat","bat",1
"/Users/danielruizmayo/image-ml/jpges/bat-9.jpg","bat","bat",1
"/Users/danielruizmayo/image-ml/jpges/beetle-1.jpg","beetle","bat",0
"/Users/danielruizmayo/image-ml/jpges/beetle-10.jpg","beetle","beetle",1
"/Users/danielruizmayo/image-ml/jpges/beetle-11.jpg","beetle","beetle",1
"/Users/danielruizmayo/image-ml/jpges/beetle-12.jpg","beetle","beetle",1
"/Users/danielruizmayo/image-ml/jpges/beetle-13.jpg","beetle","beetle",1
"/Users/danielruizmayo/image-ml/jpges/beetle-14.jpg","beetle","beetle",1
"/Users/danielruizmayo/image-ml/jpges/beetle-15.jpg","beetle","beetle",1
"/Users/danielruizmayo/image-ml/jpges/beetle-16.jpg","beetle","beetle",1
"/Users/danielruizmayo/image-ml/jpges/beetle-17.jpg","beetle","beetle",1
"/Users/danielruizmayo/image-ml/jpges/beetle-18.jpg","beetle","beetle",1
"/Users/danielruizmayo/image-ml/jpges/beetle-19.jpg","beetle","fly",0
"/Users/danielruizmayo/image-ml/jpges/beetle-2.jpg","beetle","ray",0
"/Users/danielruizmayo/image-ml/jpges/beetle-20.jpg","beetle","beetle",1
"/Users/danielruizmayo/image-ml/jpges/beetle-3.jpg","beetle","chicken",0
"/Users/danielruizmayo/image-ml/jpges/beetle-4.jpg","beetle","lizzard",0
"/Users/danielruizmayo/image-ml/jpges/tree-11.jpg","tree","tree",1
"/Users/danielruizmayo/image-ml/jpges/beetle-5.jpg","beetle","fly",0
"/Users/danielruizmayo/image-ml/jpges/beetle-6.jpg","beetle","beetle",1
"/Users/danielruizmayo/image-ml/jpges/beetle-7.jpg","beetle","beetle",1
"/Users/danielruizmayo/image-ml/jpges/beetle-8.jpg","beetle","beetle",1
"/Users/danielruizmayo/image-ml/jpges/beetle-9.jpg","beetle","beetle",1
"/Users/danielruizmayo/image-ml/jpges/bell-1.jpg","bell","sea_snake",0
"/Users/danielruizmayo/image-ml/jpges/bell-10.jpg","bell","jar",0
"/Users/danielruizmayo/image-ml/jpges/bell-11.jpg","bell","bell",1
"/Users/danielruizmayo/image-ml/jpges/bell-12.jpg","bell","bell",1
"/Users/danielruizmayo/image-ml/jpges/bell-13.jpg","bell","device1",0
"/Users/danielruizmayo/image-ml/jpges/bell-14.jpg","bell","watch",0
"/Users/danielruizmayo/image-ml/jpges/bell-15.jpg","bell","bat",0
"/Users/danielruizmayo/image-ml/jpges/bell-16.jpg","bell","bat",0
"/Users/danielruizmayo/image-ml/jpges/bell-17.jpg","bell","apple",0
"/Users/danielruizmayo/image-ml/jpges/bell-18.jpg","bell","apple",0
"/Users/danielruizmayo/image-ml/jpges/bell-19.jpg","bell","apple",0
"/Users/danielruizmayo/image-ml/jpges/bell-2.jpg","bell","apple",0
"/Users/danielruizmayo/image-ml/jpges/bell-20.jpg","bell","bat",0
"/Users/danielruizmayo/image-ml/jpges/bell-3.jpg","bell","bell",1
"/Users/danielruizmayo/image-ml/jpges/bell-4.jpg","bell","apple",0
"/Users/danielruizmayo/image-ml/jpges/bell-5.jpg","bell","cup",0
"/Users/danielruizmayo/image-ml/jpges/bell-6.jpg","bell","fish",0
"/Users/danielruizmayo/image-ml/jpges/bell-7.jpg","bell","fish",0
"/Users/danielruizmayo/image-ml/jpges/bell-8.jpg","bell","bat",0
"/Users/danielruizmayo/image-ml/jpges/bell-9.jpg","bell","bat",0
"/Users/danielruizmayo/image-ml/jpges/bird-1.jpg","bird","elephant",0
"/Users/danielruizmayo/image-ml/jpges/bird-10.jpg","bird","fly",0
"/Users/danielruizmayo/image-ml/jpges/bird-11.jpg","bird","bird",1
"/Users/danielruizmayo/image-ml/jpges/bird-12.jpg","bird","bird",1
"/Users/danielruizmayo/image-ml/jpges/bird-13.jpg","bird","device4",0
"/Users/danielruizmayo/image-ml/jpges/bird-14.jpg","bird","bird",1
"/Users/danielruizmayo/image-ml/jpges/bird-15.jpg","bird","horse",0
"/Users/danielruizmayo/image-ml/jpges/bird-16.jpg","bird","bat",0
"/Users/danielruizmayo/image-ml/jpges/bird-17.jpg","bird","bat",0
"/Users/danielruizmayo/image-ml/jpges/bird-18.jpg","bird","bat",0
"/Users/danielruizmayo/image-ml/jpges/bird-19.jpg","bird","bat",0
"/Users/danielruizmayo/image-ml/jpges/bird-2.jpg","bird","bird",1
"/Users/danielruizmayo/image-ml/jpges/bird-20.jpg","bird","bat",0
"/Users/danielruizmayo/image-ml/jpges/bird-3.jpg","bird","deer",0
"/Users/danielruizmayo/image-ml/jpges/bird-4.jpg","bird","deer",0
"/Users/danielruizmayo/image-ml/jpges/bird-5.jpg","bird","device4",0
"/Users/danielruizmayo/image-ml/jpges/bird-6.jpg","bird","lizzard",0
"/Users/danielruizmayo/image-ml/jpges/bird-7.jpg","bird","bat",0
"/Users/danielruizmayo/image-ml/jpges/bird-8.jpg","bird","deer",0
"/Users/danielruizmayo/image-ml/jpges/bird-9.jpg","bird","bird",1
"/Users/danielruizmayo/image-ml/jpges/Bone-1.jpg","Bone","Bone",1
"/Users/danielruizmayo/image-ml/jpges/Bone-10.jpg","Bone","device8",0
"/Users/danielruizmayo/image-ml/jpges/Bone-11.jpg","Bone","device5",0
"/Users/danielruizmayo/image-ml/jpges/Bone-12.jpg","Bone","device5",0
"/Users/danielruizmayo/image-ml/jpges/Bone-13.jpg","Bone","apple",0
"/Users/danielruizmayo/image-ml/jpges/Bone-14.jpg","Bone","Bone",1
"/Users/danielruizmayo/image-ml/jpges/Bone-15.jpg","Bone","Bone",1
"/Users/danielruizmayo/image-ml/jpges/Bone-16.jpg","Bone","Bone",1
"/Users/danielruizmayo/image-ml/jpges/Bone-17.jpg","Bone","device5",0
"/Users/danielruizmayo/image-ml/jpges/Bone-18.jpg","Bone","Bone",1
"/Users/danielruizmayo/image-ml/jpges/Bone-19.jpg","Bone","apple",0
"/Users/danielruizmayo/image-ml/jpges/Bone-2.jpg","Bone","Bone",1
"/Users/danielruizmayo/image-ml/jpges/Bone-20.jpg","Bone","bottle",0
"/Users/danielruizmayo/image-ml/jpges/Bone-3.jpg","Bone","Bone",1
"/Users/danielruizmayo/image-ml/jpges/Bone-4.jpg","Bone","Bone",1
"/Users/danielruizmayo/image-ml/jpges/Bone-5.jpg","Bone","Bone",1
"/Users/danielruizmayo/image-ml/jpges/Bone-6.jpg","Bone","Bone",1
"/Users/danielruizmayo/image-ml/jpges/Bone-7.jpg","Bone","Bone",1
"/Users/danielruizmayo/image-ml/jpges/Bone-8.jpg","Bone","Bone",1
"/Users/danielruizmayo/image-ml/jpges/Bone-9.jpg","Bone","Bone",1
"/Users/danielruizmayo/image-ml/jpges/bottle-01.jpg","bottle","bottle",1
"/Users/danielruizmayo/image-ml/jpges/bottle-02.jpg","bottle","bottle",1
"/Users/danielruizmayo/image-ml/jpges/bottle-03.jpg","bottle","bottle",1
"/Users/danielruizmayo/image-ml/jpges/bottle-04.jpg","bottle","bottle",1
"/Users/danielruizmayo/image-ml/jpges/bottle-05.jpg","bottle","bottle",1
"/Users/danielruizmayo/image-ml/jpges/bottle-06.jpg","bottle","bottle",1
"/Users/danielruizmayo/image-ml/jpges/bottle-07.jpg","bottle","bottle",1
"/Users/danielruizmayo/image-ml/jpges/bottle-08.jpg","bottle","Bone",0
"/Users/danielruizmayo/image-ml/jpges/bottle-09.jpg","bottle","fork",0
"/Users/danielruizmayo/image-ml/jpges/bottle-10.jpg","bottle","device3",0
"/Users/danielruizmayo/image-ml/jpges/bottle-11.jpg","bottle","bottle",1
"/Users/danielruizmayo/image-ml/jpges/bottle-12.jpg","bottle","bottle",1
"/Users/danielruizmayo/image-ml/jpges/bottle-13.jpg","bottle","bottle",1
"/Users/danielruizmayo/image-ml/jpges/bottle-14.jpg","bottle","watch",0
"/Users/danielruizmayo/image-ml/jpges/bottle-15.jpg","bottle","bottle",1
"/Users/danielruizmayo/image-ml/jpges/bottle-16.jpg","bottle","bottle",1
"/Users/danielruizmayo/image-ml/jpges/bottle-17.jpg","bottle","bottle",1
"/Users/danielruizmayo/image-ml/jpges/bottle-18.jpg","bottle","Comma",0
"/Users/danielruizmayo/image-ml/jpges/bottle-19.jpg","bottle","jar",0
"/Users/danielruizmayo/image-ml/jpges/bottle-20.jpg","bottle","fork",0
"/Users/danielruizmayo/image-ml/jpges/brick-01.jpg","brick","brick",1
"/Users/danielruizmayo/image-ml/jpges/brick-02.jpg","brick","brick",1
"/Users/danielruizmayo/image-ml/jpges/brick-03.jpg","brick","cellular_phone",0
"/Users/danielruizmayo/image-ml/jpges/brick-04.jpg","brick","brick",1
"/Users/danielruizmayo/image-ml/jpges/brick-05.jpg","brick","device5",0
"/Users/danielruizmayo/image-ml/jpges/brick-06.jpg","brick","brick",1
"/Users/danielruizmayo/image-ml/jpges/brick-07.jpg","brick","device5",0
"/Users/danielruizmayo/image-ml/jpges/brick-08.jpg","brick","brick",1
"/Users/danielruizmayo/image-ml/jpges/brick-09.jpg","brick","brick",1
"/Users/danielruizmayo/image-ml/jpges/brick-10.jpg","brick","brick",1
"/Users/danielruizmayo/image-ml/jpges/brick-11.jpg","brick","brick",1
"/Users/danielruizmayo/image-ml/jpges/brick-12.jpg","brick","brick",1
"/Users/danielruizmayo/image-ml/jpges/brick-13.jpg","brick","brick",1
"/Users/danielruizmayo/image-ml/jpges/brick-14.jpg","brick","brick",1
"/Users/danielruizmayo/image-ml/jpges/brick-15.jpg","brick","device5",0
"/Users/danielruizmayo/image-ml/jpges/brick-16.jpg","brick","brick",1
"/Users/danielruizmayo/image-ml/jpges/brick-17.jpg","brick","device5",0
"/Users/danielruizmayo/image-ml/jpges/brick-18.jpg","brick","device5",0
"/Users/danielruizmayo/image-ml/jpges/brick-19.jpg","brick","brick",1
"/Users/danielruizmayo/image-ml/jpges/brick-20.jpg","brick","brick",1
"/Users/danielruizmayo/image-ml/jpges/butterfly-1.jpg","butterfly","butterfly",1
"/Users/danielruizmayo/image-ml/jpges/butterfly-10.jpg","butterfly","cattle",0
"/Users/danielruizmayo/image-ml/jpges/butterfly-11.jpg","butterfly","cattle",0
"/Users/danielruizmayo/image-ml/jpges/butterfly-12.jpg","butterfly","butterfly",1
"/Users/danielruizmayo/image-ml/jpges/butterfly-13.jpg","butterfly","butterfly",1
"/Users/danielruizmayo/image-ml/jpges/butterfly-14.jpg","butterfly","butterfly",1
"/Users/danielruizmayo/image-ml/jpges/butterfly-15.jpg","butterfly","butterfly",1
"/Users/danielruizmayo/image-ml/jpges/butterfly-16.jpg","butterfly","butterfly",1
"/Users/danielruizmayo/image-ml/jpges/butterfly-17.jpg","butterfly","butterfly",1
"/Users/danielruizmayo/image-ml/jpges/butterfly-18.jpg","butterfly","butterfly",1
"/Users/danielruizmayo/image-ml/jpges/butterfly-19.jpg","butterfly","bat",0
"/Users/danielruizmayo/image-ml/jpges/butterfly-2.jpg","butterfly","butterfly",1
"/Users/danielruizmayo/image-ml/jpges/butterfly-20.jpg","butterfly","butterfly",1
"/Users/danielruizmayo/image-ml/jpges/butterfly-3.jpg","butterfly","lizzard",0
"/Users/danielruizmayo/image-ml/jpges/butterfly-4.jpg","butterfly","deer",0
"/Users/danielruizmayo/image-ml/jpges/butterfly-5.jpg","butterfly","butterfly",1
"/Users/danielruizmayo/image-ml/jpges/butterfly-6.jpg","butterfly","butterfly",1
"/Users/danielruizmayo/image-ml/jpges/butterfly-7.jpg","butterfly","butterfly",1
"/Users/danielruizmayo/image-ml/jpges/butterfly-8.jpg","butterfly","butterfly",1
"/Users/danielruizmayo/image-ml/jpges/butterfly-9.jpg","butterfly","butterfly",1
"/Users/danielruizmayo/image-ml/jpges/camel-1.jpg","camel","camel",1
"/Users/danielruizmayo/image-ml/jpges/camel-10.jpg","camel","camel",1
"/Users/danielruizmayo/image-ml/jpges/camel-11.jpg","camel","camel",1
"/Users/danielruizmayo/image-ml/jpges/camel-12.jpg","camel","camel",1
"/Users/danielruizmayo/image-ml/jpges/camel-13.jpg","camel","camel",1
"/Users/danielruizmayo/image-ml/jpges/camel-14.jpg","camel","camel",1
"/Users/danielruizmayo/image-ml/jpges/camel-15.jpg","camel","camel",1
"/Users/danielruizmayo/image-ml/jpges/camel-16.jpg","camel","camel",1
"/Users/danielruizmayo/image-ml/jpges/camel-17.jpg","camel","camel",1
"/Users/danielruizmayo/image-ml/jpges/camel-18.jpg","camel","camel",1
"/Users/danielruizmayo/image-ml/jpges/camel-19.jpg","camel","camel",1
"/Users/danielruizmayo/image-ml/jpges/camel-2.jpg","camel","camel",1
"/Users/danielruizmayo/image-ml/jpges/camel-20.jpg","camel","camel",1
"/Users/danielruizmayo/image-ml/jpges/camel-3.jpg","camel","camel",1
"/Users/danielruizmayo/image-ml/jpges/camel-4.jpg","camel","camel",1
"/Users/danielruizmayo/image-ml/jpges/camel-5.jpg","camel","camel",1
"/Users/danielruizmayo/image-ml/jpges/camel-6.jpg","camel","camel",1
"/Users/danielruizmayo/image-ml/jpges/camel-7.jpg","camel","camel",1
"/Users/danielruizmayo/image-ml/jpges/camel-8.jpg","camel","camel",1
"/Users/danielruizmayo/image-ml/jpges/camel-9.jpg","camel","camel",1
"/Users/danielruizmayo/image-ml/jpges/car-01.jpg","car","car",1
"/Users/danielruizmayo/image-ml/jpges/car-02.jpg","car","car",1
"/Users/danielruizmayo/image-ml/jpges/car-03.jpg","car","car",1
"/Users/danielruizmayo/image-ml/jpges/car-04.jpg","car","car",1
"/Users/danielruizmayo/image-ml/jpges/car-05.jpg","car","car",1
"/Users/danielruizmayo/image-ml/jpges/car-06.jpg","car","car",1
"/Users/danielruizmayo/image-ml/jpges/car-07.jpg","car","car",1
"/Users/danielruizmayo/image-ml/jpges/car-08.jpg","car","car",1
"/Users/danielruizmayo/image-ml/jpges/car-09.jpg","car","car",1
"/Users/danielruizmayo/image-ml/jpges/car-10.jpg","car","car",1
"/Users/danielruizmayo/image-ml/jpges/car-11.jpg","car","car",1
"/Users/danielruizmayo/image-ml/jpges/car-12.jpg","car","car",1
"/Users/danielruizmayo/image-ml/jpges/car-13.jpg","car","car",1
"/Users/danielruizmayo/image-ml/jpges/car-14.jpg","car","car",1
"/Users/danielruizmayo/image-ml/jpges/car-15.jpg","car","car",1
"/Users/danielruizmayo/image-ml/jpges/car-16.jpg","car","car",1
"/Users/danielruizmayo/image-ml/jpges/car-17.jpg","car","car",1
"/Users/danielruizmayo/image-ml/jpges/car-18.jpg","car","car",1
"/Users/danielruizmayo/image-ml/jpges/car-19.jpg","car","car",1
"/Users/danielruizmayo/image-ml/jpges/car-20.jpg","car","car",1
"/Users/danielruizmayo/image-ml/jpges/carriage-01.jpg","carriage","carriage",1
"/Users/danielruizmayo/image-ml/jpges/carriage-02.jpg","carriage","carriage",1
"/Users/danielruizmayo/image-ml/jpges/carriage-03.jpg","carriage","carriage",1
"/Users/danielruizmayo/image-ml/jpges/carriage-04.jpg","carriage","carriage",1
"/Users/danielruizmayo/image-ml/jpges/carriage-05.jpg","carriage","carriage",1
"/Users/danielruizmayo/image-ml/jpges/carriage-06.jpg","carriage","carriage",1
"/Users/danielruizmayo/image-ml/jpges/carriage-07.jpg","carriage","carriage",1
"/Users/danielruizmayo/image-ml/jpges/carriage-08.jpg","carriage","carriage",1
"/Users/danielruizmayo/image-ml/jpges/carriage-09.jpg","carriage","carriage",1
"/Users/danielruizmayo/image-ml/jpges/carriage-10.jpg","carriage","carriage",1
"/Users/danielruizmayo/image-ml/jpges/carriage-11.jpg","carriage","carriage",1
"/Users/danielruizmayo/image-ml/jpges/carriage-12.jpg","carriage","carriage",1
"/Users/danielruizmayo/image-ml/jpges/carriage-13.jpg","carriage","carriage",1
"/Users/danielruizmayo/image-ml/jpges/carriage-14.jpg","carriage","carriage",1
"/Users/danielruizmayo/image-ml/jpges/carriage-15.jpg","carriage","carriage",1
"/Users/danielruizmayo/image-ml/jpges/carriage-16.jpg","carriage","carriage",1
"/Users/danielruizmayo/image-ml/jpges/carriage-17.jpg","carriage","carriage",1
"/Users/danielruizmayo/image-ml/jpges/carriage-18.jpg","carriage","carriage",1
"/Users/danielruizmayo/image-ml/jpges/carriage-19.jpg","carriage","carriage",1
"/Users/danielruizmayo/image-ml/jpges/carriage-20.jpg","carriage","carriage",1
"/Users/danielruizmayo/image-ml/jpges/cattle-1.jpg","cattle","cattle",1
"/Users/danielruizmayo/image-ml/jpges/cattle-10.jpg","cattle","elephant",0
"/Users/danielruizmayo/image-ml/jpges/cattle-11.jpg","cattle","horse",0
"/Users/danielruizmayo/image-ml/jpges/cattle-12.jpg","cattle","cattle",1
"/Users/danielruizmayo/image-ml/jpges/cattle-13.jpg","cattle","cattle",1
"/Users/danielruizmayo/image-ml/jpges/cattle-14.jpg","cattle","cattle",1
"/Users/danielruizmayo/image-ml/jpges/cattle-15.jpg","cattle","cattle",1
"/Users/danielruizmayo/image-ml/jpges/cattle-16.jpg","cattle","horse",0
"/Users/danielruizmayo/image-ml/jpges/cattle-17.jpg","cattle","horse",0
"/Users/danielruizmayo/image-ml/jpges/cattle-18.jpg","cattle","cattle",1
"/Users/danielruizmayo/image-ml/jpges/cattle-19.jpg","cattle","cattle",1
"/Users/danielruizmayo/image-ml/jpges/cattle-2.jpg","cattle","cattle",1
"/Users/danielruizmayo/image-ml/jpges/cattle-20.jpg","cattle","cattle",1
"/Users/danielruizmayo/image-ml/jpges/cattle-3.jpg","cattle","cattle",1
"/Users/danielruizmayo/image-ml/jpges/cattle-4.jpg","cattle","cattle",1
"/Users/danielruizmayo/image-ml/jpges/cattle-5.jpg","cattle","deer",0
"/Users/danielruizmayo/image-ml/jpges/cattle-6.jpg","cattle","cattle",1
"/Users/danielruizmayo/image-ml/jpges/cattle-7.jpg","cattle","cattle",1
"/Users/danielruizmayo/image-ml/jpges/cattle-8.jpg","cattle","cattle",1
"/Users/danielruizmayo/image-ml/jpges/cattle-9.jpg","cattle","cattle",1
"/Users/danielruizmayo/image-ml/jpges/cellular_phone-1.jpg","cellular_phone","brick",0
"/Users/danielruizmayo/image-ml/jpges/cellular_phone-10.jpg","cellular_phone","fish",0
"/Users/danielruizmayo/image-ml/jpges/cellular_phone-11.jpg","cellular_phone","fish",0
"/Users/danielruizmayo/image-ml/jpges/cellular_phone-12.jpg","cellular_phone","fish",0
"/Users/danielruizmayo/image-ml/jpges/cellular_phone-13.jpg","cellular_phone","device5",0
"/Users/danielruizmayo/image-ml/jpges/cellular_phone-14.jpg","cellular_phone","fish",0
"/Users/danielruizmayo/image-ml/jpges/cellular_phone-15.jpg","cellular_phone","fork",0
"/Users/danielruizmayo/image-ml/jpges/cellular_phone-16.jpg","cellular_phone","fish",0
"/Users/danielruizmayo/image-ml/jpges/cellular_phone-17.jpg","cellular_phone","bat",0
"/Users/danielruizmayo/image-ml/jpges/cellular_phone-18.jpg","cellular_phone","device5",0
"/Users/danielruizmayo/image-ml/jpges/cellular_phone-19.jpg","cellular_phone","cup",0
"/Users/danielruizmayo/image-ml/jpges/cellular_phone-2.jpg","cellular_phone","fish",0
"/Users/danielruizmayo/image-ml/jpges/cellular_phone-20.jpg","cellular_phone","brick",0
"/Users/danielruizmayo/image-ml/jpges/cellular_phone-3.jpg","cellular_phone","bell",0
"/Users/danielruizmayo/image-ml/jpges/cellular_phone-4.jpg","cellular_phone","horse",0
"/Users/danielruizmayo/image-ml/jpges/cellular_phone-5.jpg","cellular_phone","bell",0
"/Users/danielruizmayo/image-ml/jpges/cellular_phone-6.jpg","cellular_phone","fish",0
"/Users/danielruizmayo/image-ml/jpges/cellular_phone-7.jpg","cellular_phone","fish",0
"/Users/danielruizmayo/image-ml/jpges/cellular_phone-8.jpg","cellular_phone","fish",0
"/Users/danielruizmayo/image-ml/jpges/cellular_phone-9.jpg","cellular_phone","fish",0
"/Users/danielruizmayo/image-ml/jpges/chicken-1.jpg","chicken","horse",0
"/Users/danielruizmayo/image-ml/jpges/chicken-10.jpg","chicken","turtle",0
"/Users/danielruizmayo/image-ml/jpges/chicken-11.jpg","chicken","device1",0
"/Users/danielruizmayo/image-ml/jpges/chicken-12.jpg","chicken","horse",0
"/Users/danielruizmayo/image-ml/jpges/chicken-13.jpg","chicken","fish",0
"/Users/danielruizmayo/image-ml/jpges/chicken-14.jpg","chicken","fish",0
"/Users/danielruizmayo/image-ml/jpges/chicken-15.jpg","chicken","chicken",1
"/Users/danielruizmayo/image-ml/jpges/chicken-16.jpg","chicken","camel",0
"/Users/danielruizmayo/image-ml/jpges/chicken-17.jpg","chicken","camel",0
"/Users/danielruizmayo/image-ml/jpges/chicken-18.jpg","chicken","horse",0
"/Users/danielruizmayo/image-ml/jpges/chicken-19.jpg","chicken","camel",0
"/Users/danielruizmayo/image-ml/jpges/chicken-2.jpg","chicken","ray",0
"/Users/danielruizmayo/image-ml/jpges/chicken-20.jpg","chicken","horse",0
"/Users/danielruizmayo/image-ml/jpges/chicken-3.jpg","chicken","deer",0
"/Users/danielruizmayo/image-ml/jpges/chicken-4.jpg","chicken","bat",0
"/Users/danielruizmayo/image-ml/jpges/chicken-5.jpg","chicken","bat",0
"/Users/danielruizmayo/image-ml/jpges/chicken-6.jpg","chicken","camel",0
"/Users/danielruizmayo/image-ml/jpges/chicken-7.jpg","chicken","bat",0
"/Users/danielruizmayo/image-ml/jpges/chicken-8.jpg","chicken","fish",0
"/Users/danielruizmayo/image-ml/jpges/chicken-9.jpg","chicken","fish",0
"/Users/danielruizmayo/image-ml/jpges/children-1.jpg","children","children",1
"/Users/danielruizmayo/image-ml/jpges/children-10.jpg","children","children",1
"/Users/danielruizmayo/image-ml/jpges/children-11.jpg","children","children",1
"/Users/danielruizmayo/image-ml/jpges/children-12.jpg","children","children",1
"/Users/danielruizmayo/image-ml/jpges/children-13.jpg","children","children",1
"/Users/danielruizmayo/image-ml/jpges/children-14.jpg","children","children",1
"/Users/danielruizmayo/image-ml/jpges/children-15.jpg","children","children",1
"/Users/danielruizmayo/image-ml/jpges/children-16.jpg","children","children",1
"/Users/danielruizmayo/image-ml/jpges/children-17.jpg","children","children",1
"/Users/danielruizmayo/image-ml/jpges/children-18.jpg","children","children",1
"/Users/danielruizmayo/image-ml/jpges/children-19.jpg","children","children",1
"/Users/danielruizmayo/image-ml/jpges/children-2.jpg","children","children",1
"/Users/danielruizmayo/image-ml/jpges/children-20.jpg","children","children",1
"/Users/danielruizmayo/image-ml/jpges/children-3.jpg","children","children",1
"/Users/danielruizmayo/image-ml/jpges/children-4.jpg","children","children",1
"/Users/danielruizmayo/image-ml/jpges/children-5.jpg","children","children",1
"/Users/danielruizmayo/image-ml/jpges/children-6.jpg","children","children",1
"/Users/danielruizmayo/image-ml/jpges/children-7.jpg","children","children",1
"/Users/danielruizmayo/image-ml/jpges/children-8.jpg","children","children",1
"/Users/danielruizmayo/image-ml/jpges/children-9.jpg","children","children",1
"/Users/danielruizmayo/image-ml/jpges/chopper-01.jpg","chopper","chopper",1
"/Users/danielruizmayo/image-ml/jpges/chopper-02.jpg","chopper","chopper",1
"/Users/danielruizmayo/image-ml/jpges/chopper-03.jpg","chopper","chopper",1
"/Users/danielruizmayo/image-ml/jpges/chopper-04.jpg","chopper","chopper",1
"/Users/danielruizmayo/image-ml/jpges/chopper-05.jpg","chopper","chopper",1
"/Users/danielruizmayo/image-ml/jpges/chopper-06.jpg","chopper","chopper",1
"/Users/danielruizmayo/image-ml/jpges/chopper-07.jpg","chopper","chopper",1
"/Users/danielruizmayo/image-ml/jpges/chopper-08.jpg","chopper","chopper",1
"/Users/danielruizmayo/image-ml/jpges/chopper-09.jpg","chopper","chopper",1
"/Users/danielruizmayo/image-ml/jpges/chopper-10.jpg","chopper","chopper",1
"/Users/danielruizmayo/image-ml/jpges/chopper-11.jpg","chopper","chopper",1
"/Users/danielruizmayo/image-ml/jpges/chopper-12.jpg","chopper","chopper",1
"/Users/danielruizmayo/image-ml/jpges/chopper-13.jpg","chopper","chopper",1
"/Users/danielruizmayo/image-ml/jpges/chopper-14.jpg","chopper","chopper",1
"/Users/danielruizmayo/image-ml/jpges/chopper-15.jpg","chopper","chopper",1
"/Users/danielruizmayo/image-ml/jpges/chopper-16.jpg","chopper","chopper",1
"/Users/danielruizmayo/image-ml/jpges/chopper-17.jpg","chopper","chopper",1
"/Users/danielruizmayo/image-ml/jpges/chopper-18.jpg","chopper","chopper",1
"/Users/danielruizmayo/image-ml/jpges/chopper-19.jpg","chopper","chopper",1
"/Users/danielruizmayo/image-ml/jpges/chopper-20.jpg","chopper","chopper",1
"/Users/danielruizmayo/image-ml/jpges/classic-1.jpg","classic","bat",0
"/Users/danielruizmayo/image-ml/jpges/classic-10.jpg","classic","bat",0
"/Users/danielruizmayo/image-ml/jpges/classic-11.jpg","classic","bat",0
"/Users/danielruizmayo/image-ml/jpges/classic-12.jpg","classic","jar",0
"/Users/danielruizmayo/image-ml/jpges/classic-13.jpg","classic","jar",0
"/Users/danielruizmayo/image-ml/jpges/classic-14.jpg","classic","bat",0
"/Users/danielruizmayo/image-ml/jpges/classic-15.jpg","classic","bat",0
"/Users/danielruizmayo/image-ml/jpges/classic-16.jpg","classic","jar",0
"/Users/danielruizmayo/image-ml/jpges/classic-17.jpg","classic","car",0
"/Users/danielruizmayo/image-ml/jpges/classic-18.jpg","classic","classic",1
"/Users/danielruizmayo/image-ml/jpges/classic-19.jpg","classic","classic",1
"/Users/danielruizmayo/image-ml/jpges/classic-2.jpg","classic","classic",1
"/Users/danielruizmayo/image-ml/jpges/classic-20.jpg","classic","bat",0
"/Users/danielruizmayo/image-ml/jpges/classic-3.jpg","classic","fish",0
"/Users/danielruizmayo/image-ml/jpges/classic-4.jpg","classic","classic",1
"/Users/danielruizmayo/image-ml/jpges/classic-5.jpg","classic","classic",1
"/Users/danielruizmayo/image-ml/jpges/classic-6.jpg","classic","jar",0
"/Users/danielruizmayo/image-ml/jpges/classic-7.jpg","classic","jar",0
"/Users/danielruizmayo/image-ml/jpges/classic-8.jpg","classic","bat",0
"/Users/danielruizmayo/image-ml/jpges/classic-9.jpg","classic","bat",0
"/Users/danielruizmayo/image-ml/jpges/Comma-1.jpg","Comma","Comma",1
"/Users/danielruizmayo/image-ml/jpges/Comma-10.jpg","Comma","Comma",1
"/Users/danielruizmayo/image-ml/jpges/Comma-11.jpg","Comma","Comma",1
"/Users/danielruizmayo/image-ml/jpges/Comma-12.jpg","Comma","Comma",1
"/Users/danielruizmayo/image-ml/jpges/Comma-13.jpg","Comma","Comma",1
"/Users/danielruizmayo/image-ml/jpges/Comma-14.jpg","Comma","Comma",1
"/Users/danielruizmayo/image-ml/jpges/Comma-15.jpg","Comma","Glas",0
"/Users/danielruizmayo/image-ml/jpges/Comma-16.jpg","Comma","Glas",0
"/Users/danielruizmayo/image-ml/jpges/Comma-17.jpg","Comma","Comma",1
"/Users/danielruizmayo/image-ml/jpges/Comma-18.jpg","Comma","Glas",0
"/Users/danielruizmayo/image-ml/jpges/Comma-19.jpg","Comma","HCircle",0
"/Users/danielruizmayo/image-ml/jpges/Comma-2.jpg","Comma","Comma",1
"/Users/danielruizmayo/image-ml/jpges/Comma-20.jpg","Comma","Comma",1
"/Users/danielruizmayo/image-ml/jpges/Comma-3.jpg","Comma","Comma",1
"/Users/danielruizmayo/image-ml/jpges/Comma-4.jpg","Comma","Comma",1
"/Users/danielruizmayo/image-ml/jpges/Comma-5.jpg","Comma","Comma",1
"/Users/danielruizmayo/image-ml/jpges/Comma-6.jpg","Comma","Comma",1
"/Users/danielruizmayo/image-ml/jpges/Comma-7.jpg","Comma","Comma",1
"/Users/danielruizmayo/image-ml/jpges/Comma-8.jpg","Comma","Comma",1
"/Users/danielruizmayo/image-ml/jpges/Comma-9.jpg","Comma","bottle",0
"/Users/danielruizmayo/image-ml/jpges/crown-1.jpg","crown","camel",0
"/Users/danielruizmayo/image-ml/jpges/crown-10.jpg","crown","pocket",0
"/Users/danielruizmayo/image-ml/jpges/crown-11.jpg","crown","cattle",0
"/Users/danielruizmayo/image-ml/jpges/crown-12.jpg","crown","apple",0
"/Users/danielruizmayo/image-ml/jpges/crown-13.jpg","crown","crown",1
"/Users/danielruizmayo/image-ml/jpges/crown-14.jpg","crown","apple",0
"/Users/danielruizmayo/image-ml/jpges/crown-15.jpg","crown","cattle",0
"/Users/danielruizmayo/image-ml/jpges/crown-16.jpg","crown","camel",0
"/Users/danielruizmayo/image-ml/jpges/crown-17.jpg","crown","camel",0
"/Users/danielruizmayo/image-ml/jpges/crown-18.jpg","crown","deer",0
"/Users/danielruizmayo/image-ml/jpges/crown-19.jpg","crown","apple",0
"/Users/danielruizmayo/image-ml/jpges/crown-2.jpg","crown","apple",0
"/Users/danielruizmayo/image-ml/jpges/crown-20.jpg","crown","crown",1
"/Users/danielruizmayo/image-ml/jpges/crown-3.jpg","crown","camel",0
"/Users/danielruizmayo/image-ml/jpges/crown-4.jpg","crown","apple",0
"/Users/danielruizmayo/image-ml/jpges/crown-5.jpg","crown","lizzard",0
"/Users/danielruizmayo/image-ml/jpges/crown-6.jpg","crown","camel",0
"/Users/danielruizmayo/image-ml/jpges/crown-7.jpg","crown","apple",0
"/Users/danielruizmayo/image-ml/jpges/crown-8.jpg","crown","apple",0
"/Users/danielruizmayo/image-ml/jpges/crown-9.jpg","crown","apple",0
"/Users/danielruizmayo/image-ml/jpges/cup-1.jpg","cup","cup",1
"/Users/danielruizmayo/image-ml/jpges/cup-10.jpg","cup","cup",1
"/Users/danielruizmayo/image-ml/jpges/cup-11.jpg","cup","cup",1
"/Users/danielruizmayo/image-ml/jpges/cup-12.jpg","cup","cup",1
"/Users/danielruizmayo/image-ml/jpges/cup-13.jpg","cup","cup",1
"/Users/danielruizmayo/image-ml/jpges/cup-14.jpg","cup","cup",1
"/Users/danielruizmayo/image-ml/jpges/cup-15.jpg","cup","cup",1
"/Users/danielruizmayo/image-ml/jpges/cup-16.jpg","cup","cup",1
"/Users/danielruizmayo/image-ml/jpges/cup-17.jpg","cup","cup",1
"/Users/danielruizmayo/image-ml/jpges/cup-18.jpg","cup","cup",1
"/Users/danielruizmayo/image-ml/jpges/cup-19.jpg","cup","cup",1
"/Users/danielruizmayo/image-ml/jpges/cup-2.jpg","cup","cup",1
"/Users/danielruizmayo/image-ml/jpges/cup-20.jpg","cup","cup",1
"/Users/danielruizmayo/image-ml/jpges/cup-3.jpg","cup","cup",1
"/Users/danielruizmayo/image-ml/jpges/cup-4.jpg","cup","cup",1
"/Users/danielruizmayo/image-ml/jpges/cup-5.jpg","cup","cup",1
"/Users/danielruizmayo/image-ml/jpges/cup-6.jpg","cup","cup",1
"/Users/danielruizmayo/image-ml/jpges/cup-7.jpg","cup","cup",1
"/Users/danielruizmayo/image-ml/jpges/cup-8.jpg","cup","cup",1
"/Users/danielruizmayo/image-ml/jpges/cup-9.jpg","cup","cup",1
"/Users/danielruizmayo/image-ml/jpges/deer-1.jpg","deer","deer",1
"/Users/danielruizmayo/image-ml/jpges/deer-10.jpg","deer","deer",1
"/Users/danielruizmayo/image-ml/jpges/deer-11.jpg","deer","deer",1
"/Users/danielruizmayo/image-ml/jpges/deer-12.jpg","deer","horse",0
"/Users/danielruizmayo/image-ml/jpges/deer-13.jpg","deer","horse",0
"/Users/danielruizmayo/image-ml/jpges/deer-14.jpg","deer","deer",1
"/Users/danielruizmayo/image-ml/jpges/deer-15.jpg","deer","deer",1
"/Users/danielruizmayo/image-ml/jpges/deer-16.jpg","deer","deer",1
"/Users/danielruizmayo/image-ml/jpges/deer-17.jpg","deer","deer",1
"/Users/danielruizmayo/image-ml/jpges/deer-18.jpg","deer","deer",1
"/Users/danielruizmayo/image-ml/jpges/deer-19.jpg","deer","deer",1
"/Users/danielruizmayo/image-ml/jpges/deer-2.jpg","deer","deer",1
"/Users/danielruizmayo/image-ml/jpges/deer-20.jpg","deer","deer",1
"/Users/danielruizmayo/image-ml/jpges/deer-3.jpg","deer","deer",1
"/Users/danielruizmayo/image-ml/jpges/deer-4.jpg","deer","deer",1
"/Users/danielruizmayo/image-ml/jpges/deer-5.jpg","deer","deer",1
"/Users/danielruizmayo/image-ml/jpges/deer-6.jpg","deer","deer",1
"/Users/danielruizmayo/image-ml/jpges/deer-7.jpg","deer","deer",1
"/Users/danielruizmayo/image-ml/jpges/deer-8.jpg","deer","deer",1
"/Users/danielruizmayo/image-ml/jpges/deer-9.jpg","deer","deer",1
"/Users/danielruizmayo/image-ml/jpges/device0-1.jpg","device0","device0",1
"/Users/danielruizmayo/image-ml/jpges/device0-10.jpg","device0","tree",0
"/Users/danielruizmayo/image-ml/jpges/device0-11.jpg","device0","device0",1
"/Users/danielruizmayo/image-ml/jpges/device0-12.jpg","device0","device0",1
"/Users/danielruizmayo/image-ml/jpges/device0-13.jpg","device0","device0",1
"/Users/danielruizmayo/image-ml/jpges/device0-14.jpg","device0","device7",0
"/Users/danielruizmayo/image-ml/jpges/device0-15.jpg","device0","device7",0
"/Users/danielruizmayo/image-ml/jpges/device0-16.jpg","device0","car",0
"/Users/danielruizmayo/image-ml/jpges/device0-17.jpg","device0","classic",0
"/Users/danielruizmayo/image-ml/jpges/device0-18.jpg","device0","elephant",0
"/Users/danielruizmayo/image-ml/jpges/device0-19.jpg","device0","car",0
"/Users/danielruizmayo/image-ml/jpges/device0-2.jpg","device0","device7",0
"/Users/danielruizmayo/image-ml/jpges/device0-20.jpg","device0","elephant",0
"/Users/danielruizmayo/image-ml/jpges/device0-3.jpg","device0","device8",0
"/Users/danielruizmayo/image-ml/jpges/device0-4.jpg","device0","device0",1
"/Users/danielruizmayo/image-ml/jpges/device0-5.jpg","device0","device0",1
"/Users/danielruizmayo/image-ml/jpges/device0-6.jpg","device0","device0",1
"/Users/danielruizmayo/image-ml/jpges/device0-7.jpg","device0","device7",0
"/Users/danielruizmayo/image-ml/jpges/device0-8.jpg","device0","device9",0
"/Users/danielruizmayo/image-ml/jpges/device0-9.jpg","device0","bat",0
"/Users/danielruizmayo/image-ml/jpges/device1-1.jpg","device1","device7",0
"/Users/danielruizmayo/image-ml/jpges/device1-10.jpg","device1","elephant",0
"/Users/danielruizmayo/image-ml/jpges/device1-11.jpg","device1","device1",1
"/Users/danielruizmayo/image-ml/jpges/device1-12.jpg","device1","device2",0
"/Users/danielruizmayo/image-ml/jpges/device1-13.jpg","device1","device7",0
"/Users/danielruizmayo/image-ml/jpges/device1-14.jpg","device1","device0",0
"/Users/danielruizmayo/image-ml/jpges/device1-15.jpg","device1","bird",0
"/Users/danielruizmayo/image-ml/jpges/device1-16.jpg","device1","device0",0
"/Users/danielruizmayo/image-ml/jpges/device1-17.jpg","device1","device0",0
"/Users/danielruizmayo/image-ml/jpges/device1-18.jpg","device1","device7",0
"/Users/danielruizmayo/image-ml/jpges/device1-19.jpg","device1","device7",0
"/Users/danielruizmayo/image-ml/jpges/device1-2.jpg","device1","device0",0
"/Users/danielruizmayo/image-ml/jpges/device1-20.jpg","device1","device0",0
"/Users/danielruizmayo/image-ml/jpges/device1-3.jpg","device1","camel",0
"/Users/danielruizmayo/image-ml/jpges/device1-4.jpg","device1","device1",1
"/Users/danielruizmayo/image-ml/jpges/device1-5.jpg","device1","device7",0
"/Users/danielruizmayo/image-ml/jpges/device1-6.jpg","device1","device2",0
"/Users/danielruizmayo/image-ml/jpges/device1-7.jpg","device1","device0",0
"/Users/danielruizmayo/image-ml/jpges/device1-8.jpg","device1","device1",1
"/Users/danielruizmayo/image-ml/jpges/device1-9.jpg","device1","device1",1
"/Users/danielruizmayo/image-ml/jpges/device2-1.jpg","device2","device2",1
"/Users/danielruizmayo/image-ml/jpges/device2-10.jpg","device2","device7",0
"/Users/danielruizmayo/image-ml/jpges/device2-11.jpg","device2","device2",1
"/Users/danielruizmayo/image-ml/jpges/device2-12.jpg","device2","device2",1
"/Users/danielruizmayo/image-ml/jpges/device2-13.jpg","device2","device2",1
"/Users/danielruizmayo/image-ml/jpges/device2-14.jpg","device2","device2",1
"/Users/danielruizmayo/image-ml/jpges/device2-15.jpg","device2","device2",1
"/Users/danielruizmayo/image-ml/jpges/device2-16.jpg","device2","device7",0
"/Users/danielruizmayo/image-ml/jpges/device2-17.jpg","device2","device2",1
"/Users/danielruizmayo/image-ml/jpges/device2-18.jpg","device2","device2",1
"/Users/danielruizmayo/image-ml/jpges/device2-19.jpg","device2","device2",1
"/Users/danielruizmayo/image-ml/jpges/device2-2.jpg","device2","device2",1
"/Users/danielruizmayo/image-ml/jpges/device2-20.jpg","device2","device2",1
"/Users/danielruizmayo/image-ml/jpges/device2-3.jpg","device2","device0",0
"/Users/danielruizmayo/image-ml/jpges/device2-4.jpg","device2","device7",0
"/Users/danielruizmayo/image-ml/jpges/device2-5.jpg","device2","device0",0
"/Users/danielruizmayo/image-ml/jpges/device2-6.jpg","device2","device0",0
"/Users/danielruizmayo/image-ml/jpges/device2-7.jpg","device2","device2",1
"/Users/danielruizmayo/image-ml/jpges/device2-8.jpg","device2","device5",0
"/Users/danielruizmayo/image-ml/jpges/device2-9.jpg","device2","device0",0
"/Users/danielruizmayo/image-ml/jpges/device3-1.jpg","device3","device3",1
"/Users/danielruizmayo/image-ml/jpges/device3-10.jpg","device3","device3",1
"/Users/danielruizmayo/image-ml/jpges/device3-11.jpg","device3","device8",0
"/Users/danielruizmayo/image-ml/jpges/device3-12.jpg","device3","device3",1
"/Users/danielruizmayo/image-ml/jpges/device3-13.jpg","device3","device6",0
"/Users/danielruizmayo/image-ml/jpges/device3-14.jpg","device3","device6",0
"/Users/danielruizmayo/image-ml/jpges/device3-15.jpg","device3","device8",0
"/Users/danielruizmayo/image-ml/jpges/device3-16.jpg","device3","device8",0
"/Users/danielruizmayo/image-ml/jpges/device3-17.jpg","device3","device4",0
"/Users/danielruizmayo/image-ml/jpges/device3-18.jpg","device3","deer",0
"/Users/danielruizmayo/image-ml/jpges/device3-19.jpg","device3","carriage",0
"/Users/danielruizmayo/image-ml/jpges/device3-2.jpg","device3","device8",0
"/Users/danielruizmayo/image-ml/jpges/device3-20.jpg","device3","device8",0
"/Users/danielruizmayo/image-ml/jpges/device3-3.jpg","device3","device3",1
"/Users/danielruizmayo/image-ml/jpges/device3-4.jpg","device3","device3",1
"/Users/danielruizmayo/image-ml/jpges/device3-5.jpg","device3","device3",1
"/Users/danielruizmayo/image-ml/jpges/device3-6.jpg","device3","car",0
"/Users/danielruizmayo/image-ml/jpges/device3-7.jpg","device3","device3",1
"/Users/danielruizmayo/image-ml/jpges/device3-8.jpg","device3","device6",0
"/Users/danielruizmayo/image-ml/jpges/device3-9.jpg","device3","device4",0
"/Users/danielruizmayo/image-ml/jpges/device4-1.jpg","device4","Comma",0
"/Users/danielruizmayo/image-ml/jpges/device4-10.jpg","device4","device4",1
"/Users/danielruizmayo/image-ml/jpges/device4-11.jpg","device4","device3",0
"/Users/danielruizmayo/image-ml/jpges/device4-12.jpg","device4","device4",1
"/Users/danielruizmayo/image-ml/jpges/device4-13.jpg","device4","bat",0
"/Users/danielruizmayo/image-ml/jpges/device4-14.jpg","device4","device6",0
"/Users/danielruizmayo/image-ml/jpges/device4-15.jpg","device4","device4",1
"/Users/danielruizmayo/image-ml/jpges/device4-16.jpg","device4","fly",0
"/Users/danielruizmayo/image-ml/jpges/device4-17.jpg","device4","device4",1
"/Users/danielruizmayo/image-ml/jpges/device4-18.jpg","device4","device4",1
"/Users/danielruizmayo/image-ml/jpges/device4-19.jpg","device4","device0",0
"/Users/danielruizmayo/image-ml/jpges/device4-2.jpg","device4","device3",0
"/Users/danielruizmayo/image-ml/jpges/device4-20.jpg","device4","HCircle",0
"/Users/danielruizmayo/image-ml/jpges/device4-3.jpg","device4","device8",0
"/Users/danielruizmayo/image-ml/jpges/device4-4.jpg","device4","device7",0
"/Users/danielruizmayo/image-ml/jpges/device4-5.jpg","device4","device6",0
"/Users/danielruizmayo/image-ml/jpges/device4-6.jpg","device4","device4",1
"/Users/danielruizmayo/image-ml/jpges/device4-7.jpg","device4","device6",0
"/Users/danielruizmayo/image-ml/jpges/device4-8.jpg","device4","device3",0
"/Users/danielruizmayo/image-ml/jpges/device4-9.jpg","device4","device8",0
"/Users/danielruizmayo/image-ml/jpges/device5-1.jpg","device5","bat",0
"/Users/danielruizmayo/image-ml/jpges/device5-10.jpg","device5","device5",1
"/Users/danielruizmayo/image-ml/jpges/device5-11.jpg","device5","device5",1
"/Users/danielruizmayo/image-ml/jpges/device5-12.jpg","device5","device6",0
"/Users/danielruizmayo/image-ml/jpges/device5-13.jpg","device5","device5",1
"/Users/danielruizmayo/image-ml/jpges/device5-14.jpg","device5","bat",0
"/Users/danielruizmayo/image-ml/jpges/device5-15.jpg","device5","device8",0
"/Users/danielruizmayo/image-ml/jpges/device5-16.jpg","device5","device4",0
"/Users/danielruizmayo/image-ml/jpges/device5-17.jpg","device5","device0",0
"/Users/danielruizmayo/image-ml/jpges/device5-18.jpg","device5","device5",1
"/Users/danielruizmayo/image-ml/jpges/device5-19.jpg","device5","device8",0
"/Users/danielruizmayo/image-ml/jpges/device5-2.jpg","device5","bat",0
"/Users/danielruizmayo/image-ml/jpges/device5-20.jpg","device5","device5",1
"/Users/danielruizmayo/image-ml/jpges/device5-3.jpg","device5","device5",1
"/Users/danielruizmayo/image-ml/jpges/device5-4.jpg","device5","device6",0
"/Users/danielruizmayo/image-ml/jpges/device5-5.jpg","device5","bat",0
"/Users/danielruizmayo/image-ml/jpges/device5-6.jpg","device5","device5",1
"/Users/danielruizmayo/image-ml/jpges/device5-7.jpg","device5","bat",0
"/Users/danielruizmayo/image-ml/jpges/device5-8.jpg","device5","device8",0
"/Users/danielruizmayo/image-ml/jpges/device5-9.jpg","device5","device5",1
"/Users/danielruizmayo/image-ml/jpges/device6-1.jpg","device6","device6",1
"/Users/danielruizmayo/image-ml/jpges/device6-10.jpg","device6","device6",1
"/Users/danielruizmayo/image-ml/jpges/device6-11.jpg","device6","device8",0
"/Users/danielruizmayo/image-ml/jpges/device6-12.jpg","device6","device6",1
"/Users/danielruizmayo/image-ml/jpges/device6-13.jpg","device6","device6",1
"/Users/danielruizmayo/image-ml/jpges/device6-14.jpg","device6","device6",1
"/Users/danielruizmayo/image-ml/jpges/device6-15.jpg","device6","device4",0
"/Users/danielruizmayo/image-ml/jpges/device6-16.jpg","device6","device7",0
"/Users/danielruizmayo/image-ml/jpges/device6-17.jpg","device6","device0",0
"/Users/danielruizmayo/image-ml/jpges/device6-18.jpg","device6","device6",1
"/Users/danielruizmayo/image-ml/jpges/device6-19.jpg","device6","device7",0
"/Users/danielruizmayo/image-ml/jpges/device6-2.jpg","device6","device6",1
"/Users/danielruizmayo/image-ml/jpges/device6-20.jpg","device6","device6",1
"/Users/danielruizmayo/image-ml/jpges/device6-3.jpg","device6","device6",1
"/Users/danielruizmayo/image-ml/jpges/device6-4.jpg","device6","device6",1
"/Users/danielruizmayo/image-ml/jpges/device6-5.jpg","device6","device6",1
"/Users/danielruizmayo/image-ml/jpges/device6-6.jpg","device6","device6",1
"/Users/danielruizmayo/image-ml/jpges/device6-7.jpg","device6","device6",1
"/Users/danielruizmayo/image-ml/jpges/device6-8.jpg","device6","device6",1
"/Users/danielruizmayo/image-ml/jpges/device6-9.jpg","device6","device6",1
"/Users/danielruizmayo/image-ml/jpges/device7-1.jpg","device7","device7",1
"/Users/danielruizmayo/image-ml/jpges/device7-10.jpg","device7","device7",1
"/Users/danielruizmayo/image-ml/jpges/device7-11.jpg","device7","device7",1
"/Users/danielruizmayo/image-ml/jpges/device7-12.jpg","device7","device0",0
"/Users/danielruizmayo/image-ml/jpges/device7-13.jpg","device7","device7",1
"/Users/danielruizmayo/image-ml/jpges/device7-14.jpg","device7","device7",1
"/Users/danielruizmayo/image-ml/jpges/device7-15.jpg","device7","device7",1
"/Users/danielruizmayo/image-ml/jpges/device7-16.jpg","device7","device7",1
"/Users/danielruizmayo/image-ml/jpges/device7-17.jpg","device7","device7",1
"/Users/danielruizmayo/image-ml/jpges/device7-18.jpg","device7","device7",1
"/Users/danielruizmayo/image-ml/jpges/device7-19.jpg","device7","device7",1
"/Users/danielruizmayo/image-ml/jpges/device7-2.jpg","device7","device7",1
"/Users/danielruizmayo/image-ml/jpges/device7-20.jpg","device7","device7",1
"/Users/danielruizmayo/image-ml/jpges/device7-3.jpg","device7","device7",1
"/Users/danielruizmayo/image-ml/jpges/device7-4.jpg","device7","device7",1
"/Users/danielruizmayo/image-ml/jpges/device7-5.jpg","device7","device7",1
"/Users/danielruizmayo/image-ml/jpges/device7-6.jpg","device7","device7",1
"/Users/danielruizmayo/image-ml/jpges/device7-7.jpg","device7","device7",1
"/Users/danielruizmayo/image-ml/jpges/device7-8.jpg","device7","device7",1
"/Users/danielruizmayo/image-ml/jpges/device7-9.jpg","device7","device7",1
"/Users/danielruizmayo/image-ml/jpges/device8-1.jpg","device8","device8",1
"/Users/danielruizmayo/image-ml/jpges/device8-10.jpg","device8","device8",1
"/Users/danielruizmayo/image-ml/jpges/device8-11.jpg","device8","jar",0
"/Users/danielruizmayo/image-ml/jpges/device8-12.jpg","device8","device8",1
"/Users/danielruizmayo/image-ml/jpges/device8-13.jpg","device8","device8",1
"/Users/danielruizmayo/image-ml/jpges/device8-14.jpg","device8","device8",1
"/Users/danielruizmayo/image-ml/jpges/device8-15.jpg","device8","device8",1
"/Users/danielruizmayo/image-ml/jpges/device8-16.jpg","device8","device8",1
"/Users/danielruizmayo/image-ml/jpges/device8-17.jpg","device8","device8",1
"/Users/danielruizmayo/image-ml/jpges/device8-18.jpg","device8","device0",0
"/Users/danielruizmayo/image-ml/jpges/device8-19.jpg","device8","device8",1
"/Users/danielruizmayo/image-ml/jpges/device8-2.jpg","device8","device5",0
"/Users/danielruizmayo/image-ml/jpges/device8-20.jpg","device8","device8",1
"/Users/danielruizmayo/image-ml/jpges/device8-3.jpg","device8","device5",0
"/Users/danielruizmayo/image-ml/jpges/device8-4.jpg","device8","device8",1
"/Users/danielruizmayo/image-ml/jpges/device8-5.jpg","device8","device8",1
"/Users/danielruizmayo/image-ml/jpges/device8-6.jpg","device8","device8",1
"/Users/danielruizmayo/image-ml/jpges/device8-7.jpg","device8","device8",1
"/Users/danielruizmayo/image-ml/jpges/device8-8.jpg","device8","device8",1
"/Users/danielruizmayo/image-ml/jpges/device8-9.jpg","device8","device8",1
"/Users/danielruizmayo/image-ml/jpges/device9-1.jpg","device9","device9",1
"/Users/danielruizmayo/image-ml/jpges/device9-10.jpg","device9","device9",1
"/Users/danielruizmayo/image-ml/jpges/device9-11.jpg","device9","device9",1
"/Users/danielruizmayo/image-ml/jpges/device9-12.jpg","device9","device9",1
"/Users/danielruizmayo/image-ml/jpges/device9-13.jpg","device9","elephant",0
"/Users/danielruizmayo/image-ml/jpges/device9-14.jpg","device9","device9",1
"/Users/danielruizmayo/image-ml/jpges/device9-15.jpg","device9","device9",1
"/Users/danielruizmayo/image-ml/jpges/device9-16.jpg","device9","device9",1
"/Users/danielruizmayo/image-ml/jpges/device9-17.jpg","device9","device9",1
"/Users/danielruizmayo/image-ml/jpges/device9-18.jpg","device9","device9",1
"/Users/danielruizmayo/image-ml/jpges/device9-19.jpg","device9","device9",1
"/Users/danielruizmayo/image-ml/jpges/device9-2.jpg","device9","device9",1
"/Users/danielruizmayo/image-ml/jpges/device9-20.jpg","device9","device9",1
"/Users/danielruizmayo/image-ml/jpges/device9-3.jpg","device9","device4",0
"/Users/danielruizmayo/image-ml/jpges/device9-4.jpg","device9","device9",1
"/Users/danielruizmayo/image-ml/jpges/device9-5.jpg","device9","device9",1
"/Users/danielruizmayo/image-ml/jpges/device9-6.jpg","device9","camel",0
"/Users/danielruizmayo/image-ml/jpges/device9-7.jpg","device9","device9",1
"/Users/danielruizmayo/image-ml/jpges/device9-8.jpg","device9","bat",0
"/Users/danielruizmayo/image-ml/jpges/device9-9.jpg","device9","carriage",0
"/Users/danielruizmayo/image-ml/jpges/dog-1.jpg","dog","elephant",0
"/Users/danielruizmayo/image-ml/jpges/dog-10.jpg","dog","elephant",0
"/Users/danielruizmayo/image-ml/jpges/dog-11.jpg","dog","horse",0
"/Users/danielruizmayo/image-ml/jpges/dog-12.jpg","dog","deer",0
"/Users/danielruizmayo/image-ml/jpges/dog-13.jpg","dog","deer",0
"/Users/danielruizmayo/image-ml/jpges/dog-14.jpg","dog","dog",1
"/Users/danielruizmayo/image-ml/jpges/dog-15.jpg","dog","beetle",0
"/Users/danielruizmayo/image-ml/jpges/dog-16.jpg","dog","camel",0
"/Users/danielruizmayo/image-ml/jpges/dog-17.jpg","dog","chicken",0
"/Users/danielruizmayo/image-ml/jpges/dog-18.jpg","dog","elephant",0
"/Users/danielruizmayo/image-ml/jpges/dog-19.jpg","dog","dog",1
"/Users/danielruizmayo/image-ml/jpges/dog-2.jpg","dog","deer",0
"/Users/danielruizmayo/image-ml/jpges/dog-20.jpg","dog","turtle",0
"/Users/danielruizmayo/image-ml/jpges/dog-3.jpg","dog","dog",1
"/Users/danielruizmayo/image-ml/jpges/dog-4.jpg","dog","dog",1
"/Users/danielruizmayo/image-ml/jpges/dog-5.jpg","dog","dog",1
"/Users/danielruizmayo/image-ml/jpges/dog-6.jpg","dog","dog",1
"/Users/danielruizmayo/image-ml/jpges/dog-7.jpg","dog","dog",1
"/Users/danielruizmayo/image-ml/jpges/dog-8.jpg","dog","dog",1
"/Users/danielruizmayo/image-ml/jpges/dog-9.jpg","dog","dog",1
"/Users/danielruizmayo/image-ml/jpges/elephant-1.jpg","elephant","horse",0
"/Users/danielruizmayo/image-ml/jpges/elephant-10.jpg","elephant","elephant",1
"/Users/danielruizmayo/image-ml/jpges/elephant-11.jpg","elephant","elephant",1
"/Users/danielruizmayo/image-ml/jpges/elephant-12.jpg","elephant","elephant",1
"/Users/danielruizmayo/image-ml/jpges/elephant-13.jpg","elephant","elephant",1
"/Users/danielruizmayo/image-ml/jpges/elephant-14.jpg","elephant","elephant",1
"/Users/danielruizmayo/image-ml/jpges/elephant-15.jpg","elephant","elephant",1
"/Users/danielruizmayo/image-ml/jpges/elephant-16.jpg","elephant","elephant",1
"/Users/danielruizmayo/image-ml/jpges/elephant-17.jpg","elephant","elephant",1
"/Users/danielruizmayo/image-ml/jpges/elephant-18.jpg","elephant","elephant",1
"/Users/danielruizmayo/image-ml/jpges/elephant-19.jpg","elephant","elephant",1
"/Users/danielruizmayo/image-ml/jpges/elephant-2.jpg","elephant","elephant",1
"/Users/danielruizmayo/image-ml/jpges/elephant-20.jpg","elephant","elephant",1
"/Users/danielruizmayo/image-ml/jpges/elephant-3.jpg","elephant","elephant",1
"/Users/danielruizmayo/image-ml/jpges/elephant-4.jpg","elephant","horse",0
"/Users/danielruizmayo/image-ml/jpges/elephant-5.jpg","elephant","elephant",1
"/Users/danielruizmayo/image-ml/jpges/elephant-6.jpg","elephant","elephant",1
"/Users/danielruizmayo/image-ml/jpges/elephant-7.jpg","elephant","horse",0
"/Users/danielruizmayo/image-ml/jpges/elephant-8.jpg","elephant","deer",0
"/Users/danielruizmayo/image-ml/jpges/elephant-9.jpg","elephant","horse",0
"/Users/danielruizmayo/image-ml/jpges/face-1.jpg","face","face",1
"/Users/danielruizmayo/image-ml/jpges/face-10.jpg","face","face",1
"/Users/danielruizmayo/image-ml/jpges/face-11.jpg","face","face",1
"/Users/danielruizmayo/image-ml/jpges/face-12.jpg","face","face",1
"/Users/danielruizmayo/image-ml/jpges/face-13.jpg","face","face",1
"/Users/danielruizmayo/image-ml/jpges/face-14.jpg","face","face",1
"/Users/danielruizmayo/image-ml/jpges/face-15.jpg","face","face",1
"/Users/danielruizmayo/image-ml/jpges/face-16.jpg","face","face",1
"/Users/danielruizmayo/image-ml/jpges/face-17.jpg","face","face",1
"/Users/danielruizmayo/image-ml/jpges/face-18.jpg","face","face",1
"/Users/danielruizmayo/image-ml/jpges/face-19.jpg","face","face",1
"/Users/danielruizmayo/image-ml/jpges/face-2.jpg","face","face",1
"/Users/danielruizmayo/image-ml/jpges/face-20.jpg","face","face",1
"/Users/danielruizmayo/image-ml/jpges/face-3.jpg","face","face",1
"/Users/danielruizmayo/image-ml/jpges/face-4.jpg","face","face",1
"/Users/danielruizmayo/image-ml/jpges/face-5.jpg","face","face",1
"/Users/danielruizmayo/image-ml/jpges/face-6.jpg","face","face",1
"/Users/danielruizmayo/image-ml/jpges/face-7.jpg","face","face",1
"/Users/danielruizmayo/image-ml/jpges/face-8.jpg","face","face",1
"/Users/danielruizmayo/image-ml/jpges/face-9.jpg","face","face",1
"/Users/danielruizmayo/image-ml/jpges/fish-1.jpg","fish","device4",0
"/Users/danielruizmayo/image-ml/jpges/fish-10.jpg","fish","apple",0
"/Users/danielruizmayo/image-ml/jpges/fish-11.jpg","fish","apple",0
"/Users/danielruizmayo/image-ml/jpges/fish-12.jpg","fish","fish",1
"/Users/danielruizmayo/image-ml/jpges/fish-13.jpg","fish","apple",0
"/Users/danielruizmayo/image-ml/jpges/fish-14.jpg","fish","fish",1
"/Users/danielruizmayo/image-ml/jpges/fish-15.jpg","fish","apple",0
"/Users/danielruizmayo/image-ml/jpges/fish-16.jpg","fish","fish",1
"/Users/danielruizmayo/image-ml/jpges/fish-17.jpg","fish","fish",1
"/Users/danielruizmayo/image-ml/jpges/fish-18.jpg","fish","fish",1
"/Users/danielruizmayo/image-ml/jpges/fish-19.jpg","fish","apple",0
"/Users/danielruizmayo/image-ml/jpges/fish-2.jpg","fish","fish",1
"/Users/danielruizmayo/image-ml/jpges/fish-20.jpg","fish","apple",0
"/Users/danielruizmayo/image-ml/jpges/fish-3.jpg","fish","fish",1
"/Users/danielruizmayo/image-ml/jpges/fish-4.jpg","fish","fish",1
"/Users/danielruizmayo/image-ml/jpges/fish-5.jpg","fish","classic",0
"/Users/danielruizmayo/image-ml/jpges/fish-6.jpg","fish","apple",0
"/Users/danielruizmayo/image-ml/jpges/fish-7.jpg","fish","device1",0
"/Users/danielruizmayo/image-ml/jpges/fish-8.jpg","fish","camel",0
"/Users/danielruizmayo/image-ml/jpges/fish-9.jpg","fish","fish",1
"/Users/danielruizmayo/image-ml/jpges/flatfish-1.jpg","flatfish","fly",0
"/Users/danielruizmayo/image-ml/jpges/flatfish-10.jpg","flatfish","bell",0
"/Users/danielruizmayo/image-ml/jpges/flatfish-11.jpg","flatfish","bell",0
"/Users/danielruizmayo/image-ml/jpges/flatfish-12.jpg","flatfish","tree",0
"/Users/danielruizmayo/image-ml/jpges/flatfish-13.jpg","flatfish","horse",0
"/Users/danielruizmayo/image-ml/jpges/flatfish-14.jpg","flatfish","device1",0
"/Users/danielruizmayo/image-ml/jpges/flatfish-15.jpg","flatfish","bell",0
"/Users/danielruizmayo/image-ml/jpges/flatfish-16.jpg","flatfish","horse",0
"/Users/danielruizmayo/image-ml/jpges/flatfish-17.jpg","flatfish","brick",0
"/Users/danielruizmayo/image-ml/jpges/flatfish-18.jpg","flatfish","car",0
"/Users/danielruizmayo/image-ml/jpges/flatfish-19.jpg","flatfish","cellular_phone",0
"/Users/danielruizmayo/image-ml/jpges/flatfish-2.jpg","flatfish","cellular_phone",0
"/Users/danielruizmayo/image-ml/jpges/flatfish-20.jpg","flatfish","flatfish",1
"/Users/danielruizmayo/image-ml/jpges/flatfish-3.jpg","flatfish","bell",0
"/Users/danielruizmayo/image-ml/jpges/flatfish-4.jpg","flatfish","watch",0
"/Users/danielruizmayo/image-ml/jpges/flatfish-5.jpg","flatfish","bell",0
"/Users/danielruizmayo/image-ml/jpges/flatfish-6.jpg","flatfish","horse",0
"/Users/danielruizmayo/image-ml/jpges/flatfish-7.jpg","flatfish","horse",0
"/Users/danielruizmayo/image-ml/jpges/flatfish-8.jpg","flatfish","device8",0
"/Users/danielruizmayo/image-ml/jpges/flatfish-9.jpg","flatfish","horse",0
"/Users/danielruizmayo/image-ml/jpges/fly-1.jpg","fly","fly",1
"/Users/danielruizmayo/image-ml/jpges/fly-10.jpg","fly","rat",0
"/Users/danielruizmayo/image-ml/jpges/fly-11.jpg","fly","fly",1
"/Users/danielruizmayo/image-ml/jpges/fly-12.jpg","fly","fly",1
"/Users/danielruizmayo/image-ml/jpges/fly-13.jpg","fly","fly",1
"/Users/danielruizmayo/image-ml/jpges/fly-14.jpg","fly","camel",0
"/Users/danielruizmayo/image-ml/jpges/fly-15.jpg","fly","rat",0
"/Users/danielruizmayo/image-ml/jpges/fly-16.jpg","fly","fly",1
"/Users/danielruizmayo/image-ml/jpges/fly-17.jpg","fly","fly",1
"/Users/danielruizmayo/image-ml/jpges/fly-18.jpg","fly","cattle",0
"/Users/danielruizmayo/image-ml/jpges/fly-19.jpg","fly","fly",1
"/Users/danielruizmayo/image-ml/jpges/fly-2.jpg","fly","fly",1
"/Users/danielruizmayo/image-ml/jpges/fly-20.jpg","fly","fly",1
"/Users/danielruizmayo/image-ml/jpges/fly-3.jpg","fly","fly",1
"/Users/danielruizmayo/image-ml/jpges/fly-4.jpg","fly","fly",1
"/Users/danielruizmayo/image-ml/jpges/fly-5.jpg","fly","fly",1
"/Users/danielruizmayo/image-ml/jpges/fly-6.jpg","fly","fly",1
"/Users/danielruizmayo/image-ml/jpges/fly-7.jpg","fly","fly",1
"/Users/danielruizmayo/image-ml/jpges/fly-8.jpg","fly","fly",1
"/Users/danielruizmayo/image-ml/jpges/fly-9.jpg","fly","fly",1
"/Users/danielruizmayo/image-ml/jpges/fork-1.jpg","fork","horse",0
"/Users/danielruizmayo/image-ml/jpges/fork-10.jpg","fork","fork",1
"/Users/danielruizmayo/image-ml/jpges/fork-11.jpg","fork","fork",1
"/Users/danielruizmayo/image-ml/jpges/fork-12.jpg","fork","fork",1
"/Users/danielruizmayo/image-ml/jpges/fork-13.jpg","fork","camel",0
"/Users/danielruizmayo/image-ml/jpges/fork-14.jpg","fork","rat",0
"/Users/danielruizmayo/image-ml/jpges/fork-15.jpg","fork","fork",1
"/Users/danielruizmayo/image-ml/jpges/fork-16.jpg","fork","device5",0
"/Users/danielruizmayo/image-ml/jpges/fork-17.jpg","fork","fork",1
"/Users/danielruizmayo/image-ml/jpges/fork-18.jpg","fork","fork",1
"/Users/danielruizmayo/image-ml/jpges/fork-19.jpg","fork","fork",1
"/Users/danielruizmayo/image-ml/jpges/fork-2.jpg","fork","fork",1
"/Users/danielruizmayo/image-ml/jpges/fork-20.jpg","fork","fork",1
"/Users/danielruizmayo/image-ml/jpges/fork-3.jpg","fork","fork",1
"/Users/danielruizmayo/image-ml/jpges/fork-4.jpg","fork","camel",0
"/Users/danielruizmayo/image-ml/jpges/fork-5.jpg","fork","fork",1
"/Users/danielruizmayo/image-ml/jpges/fork-6.jpg","fork","rat",0
"/Users/danielruizmayo/image-ml/jpges/fork-7.jpg","fork","fork",1
"/Users/danielruizmayo/image-ml/jpges/fork-8.jpg","fork","fork",1
"/Users/danielruizmayo/image-ml/jpges/fork-9.jpg","fork","fork",1
"/Users/danielruizmayo/image-ml/jpges/fountain-01.jpg","fountain","fountain",1
"/Users/danielruizmayo/image-ml/jpges/fountain-02.jpg","fountain","fountain",1
"/Users/danielruizmayo/image-ml/jpges/fountain-03.jpg","fountain","fountain",1
"/Users/danielruizmayo/image-ml/jpges/fountain-04.jpg","fountain","fountain",1
"/Users/danielruizmayo/image-ml/jpges/fountain-05.jpg","fountain","fountain",1
"/Users/danielruizmayo/image-ml/jpges/fountain-06.jpg","fountain","fountain",1
"/Users/danielruizmayo/image-ml/jpges/fountain-07.jpg","fountain","fountain",1
"/Users/danielruizmayo/image-ml/jpges/fountain-08.jpg","fountain","fountain",1
"/Users/danielruizmayo/image-ml/jpges/fountain-09.jpg","fountain","fountain",1
"/Users/danielruizmayo/image-ml/jpges/fountain-10.jpg","fountain","fountain",1
"/Users/danielruizmayo/image-ml/jpges/fountain-11.jpg","fountain","fountain",1
"/Users/danielruizmayo/image-ml/jpges/fountain-12.jpg","fountain","fountain",1
"/Users/danielruizmayo/image-ml/jpges/fountain-13.jpg","fountain","fountain",1
"/Users/danielruizmayo/image-ml/jpges/fountain-14.jpg","fountain","fountain",1
"/Users/danielruizmayo/image-ml/jpges/fountain-15.jpg","fountain","fountain",1
"/Users/danielruizmayo/image-ml/jpges/fountain-16.jpg","fountain","fountain",1
"/Users/danielruizmayo/image-ml/jpges/fountain-17.jpg","fountain","fountain",1
"/Users/danielruizmayo/image-ml/jpges/fountain-18.jpg","fountain","fountain",1
"/Users/danielruizmayo/image-ml/jpges/fountain-19.jpg","fountain","fountain",1
"/Users/danielruizmayo/image-ml/jpges/fountain-20.jpg","fountain","fountain",1
"/Users/danielruizmayo/image-ml/jpges/frog-1.jpg","frog","frog",1
"/Users/danielruizmayo/image-ml/jpges/frog-10.jpg","frog","bat",0
"/Users/danielruizmayo/image-ml/jpges/frog-11.jpg","frog","bat",0
"/Users/danielruizmayo/image-ml/jpges/frog-12.jpg","frog","cattle",0
"/Users/danielruizmayo/image-ml/jpges/frog-13.jpg","frog","cattle",0
"/Users/danielruizmayo/image-ml/jpges/frog-14.jpg","frog","elephant",0
"/Users/danielruizmayo/image-ml/jpges/frog-15.jpg","frog","elephant",0
"/Users/danielruizmayo/image-ml/jpges/frog-16.jpg","frog","frog",1
"/Users/danielruizmayo/image-ml/jpges/frog-17.jpg","frog","elephant",0
"/Users/danielruizmayo/image-ml/jpges/frog-18.jpg","frog","turtle",0
"/Users/danielruizmayo/image-ml/jpges/frog-19.jpg","frog","elephant",0
"/Users/danielruizmayo/image-ml/jpges/frog-2.jpg","frog","elephant",0
"/Users/danielruizmayo/image-ml/jpges/frog-20.jpg","frog","frog",1
"/Users/danielruizmayo/image-ml/jpges/frog-3.jpg","frog","elephant",0
"/Users/danielruizmayo/image-ml/jpges/frog-4.jpg","frog","cattle",0
"/Users/danielruizmayo/image-ml/jpges/frog-5.jpg","frog","cattle",0
"/Users/danielruizmayo/image-ml/jpges/frog-6.jpg","frog","frog",1
"/Users/danielruizmayo/image-ml/jpges/frog-7.jpg","frog","frog",1
"/Users/danielruizmayo/image-ml/jpges/frog-8.jpg","frog","cattle",0
"/Users/danielruizmayo/image-ml/jpges/frog-9.jpg","frog","cattle",0
"/Users/danielruizmayo/image-ml/jpges/Glas-1.jpg","Glas","Glas",1
"/Users/danielruizmayo/image-ml/jpges/Glas-10.jpg","Glas","Glas",1
"/Users/danielruizmayo/image-ml/jpges/Glas-11.jpg","Glas","Glas",1
"/Users/danielruizmayo/image-ml/jpges/Glas-12.jpg","Glas","Glas",1
"/Users/danielruizmayo/image-ml/jpges/Glas-13.jpg","Glas","Glas",1
"/Users/danielruizmayo/image-ml/jpges/Glas-14.jpg","Glas","Glas",1
"/Users/danielruizmayo/image-ml/jpges/Glas-15.jpg","Glas","Glas",1
"/Users/danielruizmayo/image-ml/jpges/Glas-16.jpg","Glas","Glas",1
"/Users/danielruizmayo/image-ml/jpges/Glas-17.jpg","Glas","Glas",1
"/Users/danielruizmayo/image-ml/jpges/Glas-18.jpg","Glas","Glas",1
"/Users/danielruizmayo/image-ml/jpges/Glas-19.jpg","Glas","Glas",1
"/Users/danielruizmayo/image-ml/jpges/Glas-2.jpg","Glas","Glas",1
"/Users/danielruizmayo/image-ml/jpges/Glas-20.jpg","Glas","Glas",1
"/Users/danielruizmayo/image-ml/jpges/Glas-3.jpg","Glas","Glas",1
"/Users/danielruizmayo/image-ml/jpges/Glas-4.jpg","Glas","Glas",1
"/Users/danielruizmayo/image-ml/jpges/Glas-5.jpg","Glas","Glas",1
"/Users/danielruizmayo/image-ml/jpges/Glas-6.jpg","Glas","Glas",1
"/Users/danielruizmayo/image-ml/jpges/Glas-7.jpg","Glas","Glas",1
"/Users/danielruizmayo/image-ml/jpges/Glas-8.jpg","Glas","Glas",1
"/Users/danielruizmayo/image-ml/jpges/Glas-9.jpg","Glas","Glas",1
"/Users/danielruizmayo/image-ml/jpges/guitar-1.jpg","guitar","fountain",0
"/Users/danielruizmayo/image-ml/jpges/guitar-10.jpg","guitar","ray",0
"/Users/danielruizmayo/image-ml/jpges/guitar-11.jpg","guitar","camel",0
"/Users/danielruizmayo/image-ml/jpges/guitar-12.jpg","guitar","elephant",0
"/Users/danielruizmayo/image-ml/jpges/guitar-13.jpg","guitar","bat",0
"/Users/danielruizmayo/image-ml/jpges/guitar-14.jpg","guitar","camel",0
"/Users/danielruizmayo/image-ml/jpges/guitar-15.jpg","guitar","device7",0
"/Users/danielruizmayo/image-ml/jpges/guitar-16.jpg","guitar","chopper",0
"/Users/danielruizmayo/image-ml/jpges/guitar-17.jpg","guitar","ray",0
"/Users/danielruizmayo/image-ml/jpges/guitar-18.jpg","guitar","fish",0
"/Users/danielruizmayo/image-ml/jpges/guitar-19.jpg","guitar","ray",0
"/Users/danielruizmayo/image-ml/jpges/guitar-2.jpg","guitar","device5",0
"/Users/danielruizmayo/image-ml/jpges/guitar-20.jpg","guitar","cattle",0
"/Users/danielruizmayo/image-ml/jpges/guitar-3.jpg","guitar","dog",0
"/Users/danielruizmayo/image-ml/jpges/guitar-4.jpg","guitar","horse",0
"/Users/danielruizmayo/image-ml/jpges/guitar-5.jpg","guitar","personal_car",0
"/Users/danielruizmayo/image-ml/jpges/guitar-6.jpg","guitar","guitar",1
"/Users/danielruizmayo/image-ml/jpges/guitar-7.jpg","guitar","elephant",0
"/Users/danielruizmayo/image-ml/jpges/guitar-8.jpg","guitar","bat",0
"/Users/danielruizmayo/image-ml/jpges/guitar-9.jpg","guitar","elephant",0
"/Users/danielruizmayo/image-ml/jpges/hammer-1.jpg","hammer","fork",0
"/Users/danielruizmayo/image-ml/jpges/hammer-10.jpg","hammer","hammer",1
"/Users/danielruizmayo/image-ml/jpges/hammer-11.jpg","hammer","hammer",1
"/Users/danielruizmayo/image-ml/jpges/hammer-12.jpg","hammer","hammer",1
"/Users/danielruizmayo/image-ml/jpges/hammer-13.jpg","hammer","hammer",1
"/Users/danielruizmayo/image-ml/jpges/hammer-14.jpg","hammer","hammer",1
"/Users/danielruizmayo/image-ml/jpges/hammer-15.jpg","hammer","hammer",1
"/Users/danielruizmayo/image-ml/jpges/hammer-16.jpg","hammer","hammer",1
"/Users/danielruizmayo/image-ml/jpges/hammer-17.jpg","hammer","hammer",1
"/Users/danielruizmayo/image-ml/jpges/hammer-18.jpg","hammer","hammer",1
"/Users/danielruizmayo/image-ml/jpges/hammer-19.jpg","hammer","hammer",1
"/Users/danielruizmayo/image-ml/jpges/hammer-2.jpg","hammer","Bone",0
"/Users/danielruizmayo/image-ml/jpges/hammer-20.jpg","hammer","camel",0
"/Users/danielruizmayo/image-ml/jpges/hammer-3.jpg","hammer","camel",0
"/Users/danielruizmayo/image-ml/jpges/hammer-4.jpg","hammer","hammer",1
"/Users/danielruizmayo/image-ml/jpges/hammer-5.jpg","hammer","hammer",1
"/Users/danielruizmayo/image-ml/jpges/hammer-6.jpg","hammer","hammer",1
"/Users/danielruizmayo/image-ml/jpges/hammer-7.jpg","hammer","hammer",1
"/Users/danielruizmayo/image-ml/jpges/hammer-8.jpg","hammer","hammer",1
"/Users/danielruizmayo/image-ml/jpges/hammer-9.jpg","hammer","hammer",1
"/Users/danielruizmayo/image-ml/jpges/hat-1.jpg","hat","deer",0
"/Users/danielruizmayo/image-ml/jpges/hat-10.jpg","hat","Comma",0
"/Users/danielruizmayo/image-ml/jpges/hat-11.jpg","hat","elephant",0
"/Users/danielruizmayo/image-ml/jpges/hat-12.jpg","hat","ray",0
"/Users/danielruizmayo/image-ml/jpges/hat-13.jpg","hat","cattle",0
"/Users/danielruizmayo/image-ml/jpges/hat-14.jpg","hat","turtle",0
"/Users/danielruizmayo/image-ml/jpges/hat-15.jpg","hat","Glas",0
"/Users/danielruizmayo/image-ml/jpges/hat-16.jpg","hat","fish",0
"/Users/danielruizmayo/image-ml/jpges/hat-17.jpg","hat","apple",0
